{"imgSize": [640, 480], "mtxL": [[449.8993899510038, 0.0, 318.8080153718075], [0.0, 465.9353159931117, 239.01928336071828], [0.0, 0.0, 1.0]], "distL": [[-0.0010413277647835619, -0.024699874743962832, -0.0025171136178605926, -0.0034177871536712114, 0.14378863208627332]], "mtxR": [[448.92326676216913, 0.0, 319.65620914887865], [0.0, 465.0586760226199, 257.72352286122117], [0.0, 0.0, 1.0]], "distR": [[-0.01435404938572555, 0.10910579748627205, 0.0027218893996327044, -0.0012490529056300716, -0.22788522581766052]], "R": [[0.999996896799052, -0.002034889000549105, -0.0014372261553217854], [0.0020165079318923045, 0.999917610667177, -0.012676970198138458], [0.0014629039704342165, 0.01267403268101039, 0.9999186110917098]], "T": [[-1.7877740774413327], [0.004071379701422174], [0.015319523462653969]], "E": [[-2.4935903044896217e-05, -0.015266660497944087, 0.004265253478658787], [0.01793481771922253, 0.022627133553966842, 1.7876065548410924], [-0.007676427674704719, -1.7876184991220825, 0.02266941019412338]], "F": [[3.036483887920629e-09, 1.7950630318578858e-06, -0.0006636944415120563], [-2.1081776806581665e-06, -2.568204242840934e-06, -0.09325012501635929], [0.0009619966173765615, 0.09444692725452385, 1.0]], "R1": [[0.9999404644790713, -0.004420477775200577, -0.009976315633450094], [0.004357194945685192, 0.9999703066511116, -0.006356152003131649], [0.010004116631895018, 0.006312304834256411, 0.9999300337814115]], "R2": [[0.9999606948662381, -0.002277256240971193, -0.008568712076116147], [0.0023314880744596195, 0.9999772828323912, 0.006324395821463774], [0.00855411514939293, -0.006344125090258992, 0.9999432879872989]], "P1": [[562.3631449655675, 0.0, 315.9184913635254, 0.0], [0.0, 562.3631449655675, 277.84427642822266, 0.0], [0.0, 0.0, 1.0, 0.0]], "P2": [[562.3631449655675, 0.0, 315.9184913635254, -1005.41777075779], [0.0, 562.3631449655675, 277.84427642822266, 0.0], [0.0, 0.0, 1.0, 0.0]], "Q": [[1.0, 0.0, 0.0, -315.9184913635254], [0.0, 1.0, 0.0, -277.84427642822266], [0.0, 0.0, 0.0, 562.3631449655675], [0.0, 0.0, 0.5593328080343265, -0.0]], "roi1": [0, 0, 640, 480], "roi2": [0, 0, 640, 480]}