{"imgSize": [640, 480], "mtxL": [[459.7527915863028, 0.0, 313.0994645768272], [0.0, 476.5554266952934, 237.1662503609677], [0.0, 0.0, 1.0]], "distL": [[-0.018143224160479927, 0.22251742549592357, -0.0020460965553774865, -0.002540359394708472, -0.41448738767296023]], "mtxR": [[460.5227279079778, 0.0, 319.1176472900061], [0.0, 478.3926095050773, 243.0172925919093], [0.0, 0.0, 1.0]], "distR": [[-0.0028515270451343875, 0.05426018873651641, -0.001406521313333592, 0.00044049032462418423, -0.12976270478850793]], "R": [[0.9999897235427229, -0.003451276313348958, -0.0029396429643081855], [0.003436821252133498, 0.9999820486401191, -0.004908223425166967], [0.0029565298289673534, 0.00489806995860519, 0.999983633787099]], "T": [[-4.89066137215765], [-0.04707019913564586], [-0.06392295488924803]], "E": [[8.052732206256818e-05, 0.06369125425694828, -0.04738317691933881], [-0.04946291175757058, 0.024175417324764758, 4.890769241217005], [0.030261386479935634, -4.890736030398645, 0.023866089131665717]], "F": [[-1.1211724081225675e-07, -8.554997784831391e-05, 0.05065504038720938], [6.629418406817292e-05, -3.12594035050698e-05, -3.027024124595235], [-0.0354778613021415, 3.060175797062177, 1.0]], "R1": [[0.9999297288612065, 0.006236255113441355, 0.010081986992355291], [-0.006211478070164839, 0.9999776159260725, -0.0024870036172055195], [-0.010097270905438063, 0.0024242048115224527, 0.9999460827221106]], "R2": [[0.9998682926443826, 0.009623238262239094, 0.013068689672480354], [-0.009655302395210395, 0.99995052399759, 0.0023926329852672562], [-0.013045018208667302, -0.002518500008600765, 0.9999117384337691]], "P1": [[489.3099167122599, 0.0, 322.53852462768555, 0.0], [0.0, 489.3099167122599, 236.10121726989746, 0.0], [0.0, 0.0, 1.0, 0.0]], "P2": [[489.3099167122599, 0.0, 322.53852462768555, -2393.364332365572], [0.0, 489.3099167122599, 236.10121726989746, 0.0], [0.0, 0.0, 1.0, 0.0]], "Q": [[1.0, 0.0, 0.0, -322.53852462768555], [0.0, 1.0, 0.0, -236.10121726989746], [0.0, 0.0, 0.0, 489.3099167122599], [0.0, 0.0, 0.20444439239580042, -0.0]], "roi1": [0, 0, 640, 480], "roi2": [0, 0, 640, 480]}