{"imgSize": [1280, 960], "mtxL": [[889.6086608190441, 0.0, 670.1102943661662], [0.0, 919.2779270487559, 477.5118935442355], [0.0, 0.0, 1.0]], "distL": [[0.02050249652751281, -0.6613005588052774, 0.0002554191269594411, 0.0035366805894600753, 2.627958370304137]], "mtxR": [[883.8776819005905, 0.0, 671.4798768612742], [0.0, 912.5048210435108, 499.9115813150576], [0.0, 0.0, 1.0]], "distR": [[-0.05428747314162438, 0.18750024811735028, -0.0017070934704518843, 0.0038945806052512926, -0.293803177832]], "R": [[0.9999933849213721, -0.0011002967941879673, -0.003466909352884009], [0.001109426233547468, 0.9999959195873125, 0.0026324859273092784], [0.0034639986906365335, -0.0026363147933933066, 0.999990525233805]], "T": [[-1.753563878629646], [0.01661140140597247], [-0.09415624387328324]], "E": [[0.00016200127972523998, 0.09411206679368557, 0.016859109003792696], [-0.08808127804280609, -0.004519346581104927, 1.7538736951844045], [-0.018556741289399024, -1.7535384458936334, -0.004558642010231542]], "F": [[-3.830841852247225e-09, -2.1536407460663284e-06, 0.0006762984524012661], [2.0175132058488893e-06, 1.001752872740459e-07, -0.037137778996028166], [-0.0006181506473834504, 0.03686394216977823, 1.0]], "R1": [[0.9986855246692841, -0.010698859709065046, 0.0501274098369606], [0.010633980845616318, 0.9999422395049884, 0.0015608027176992926], [-0.05014121326226496, -0.0010256971649841716, 0.9987416115682343]], "R2": [[0.9985169030210564, -0.009458888432221604, 0.05361458580335211], [0.009528266098974062, 0.9999540657364943, -0.0010385384933202235], [-0.053602299637099185, 0.0015478522803388723, 0.9985611636885008]], "P1": [[1023.164794669588, 0.0, 555.0922889709473, 0.0], [0.0, 1023.164794669588, 496.7398929595947, 0.0], [0.0, 0.0, 1.0, 0.0]], "P2": [[1023.164794669588, 0.0, 555.0922889709473, -1796.8497282216492], [0.0, 1023.164794669588, 496.7398929595947, 0.0], [0.0, 0.0, 1.0, 0.0]], "Q": [[1.0, 0.0, 0.0, -555.0922889709473], [0.0, 1.0, 0.0, -496.7398929595947], [0.0, 0.0, 0.0, 1023.164794669588], [0.0, 0.0, 0.5694214594573911, -0.0]], "roi1": [249, 248, 773, 494], "roi2": [0, 0, 1280, 960]}